Workbook

Sheet Dato
A1: Lluvia Efectiva | D1: Datos tecnoagro | E1: 25 de junio de 2024
A2: <15 mm | B2: 1 | E2: Humedad Actual | F2: % HUM | G2: % HUM | H2: Densidad | I2: Espesor | J2: Humedad Actual | K2: CC | L2: PMP | M2: AGUA UTIL | N2: Humedad
A3: 15-30 mm. | B3: 0.85 | E3: % | F3: CC | G3: PMP | H3: gr/cm3 | I3: dm | J3: mm | K3: mm | L3: mm | M3: mm | N3: perfil mm.
A4: 30-60 | B4: 0.7 | D4: 0-20cm | E4: 29 | F4: 25.7 | G4: 14.8 | H4: 1.31 | I4: 2 | J4: =E4*H4*I4 -> 75.98 | K4: =F4*H4*I4 -> 67.334 | L4: =G4*H4*I4 -> 38.776 | M4: =K4-L4 -> 28.558 | N4: =J4-L4 -> 37.204
A5: >60 | B5: 0.55 | D5: 20-40cm | E5: 22 | F5: 22.6 | G5: 15.1 | H5: 1.35 | I5: 2 | J5: =E5*H5*I5 -> 59.4 | K5: =F5*H5*I5 -> 61.02 | L5: =G5*H5*I5 -> 40.77 | M5: =K5-L5 -> 20.25 | N5: =J5-L5 -> 18.63
D6: 40-80cm | E6: 31 | F6: 31.3 | G6: 19.8 | H6: 1.4 | I6: 6 | J6: =E6*H6*I6 -> 260.4 | K6: =F6*H6*I6 -> 262.92 | L6: =G6*H6*I6 -> 166.32 | M6: =K6-L6 -> 96.6 | N6: =J6-L6 -> 94.08
D7: Total | M7: =SUM(M4:M6) -> 145.408 | N7: =SUM(N4:N6) -> 149.914
L8: Factor Ajuste | M8: 0.75
L9: AU Corregida | M9: =M7*M8 -> 109.056
A11: Inicial | B11: 45536 | C11: 0.05
B12: 45542 | C12: 0.09
B13: 45550 | C13: 0.14
B14: 45556 | C14: 0.18
B15: 45563 | C15: 0.25
A16: Crecimiento | B16: 45572 | C16: 0.28
B17: 45580 | C17: 0.44
B18: 45586 | C18: 0.51
B19: 45593 | C19: 0.64
B20: 45603 | C20: 0.77
B21: 45611 | C21: 0.84
A22: Desarrollo - PC | B22: 45617 | C22: 0.96
B23: 45624 | C23: 1
B24: 45633 | C24: 1.1
B25: 45641 | C25: 1.1
B26: 45647 | C26: 1.1
B27: 45654 | C27: 1
B28: 45664 | C28: 0.95
B29: 45672 | C29: 0.87
A30: Mad. Fisiologica | B30: 45678 | C30: 0.77
B31: 45685 | C31: 0.56

Sheet Hoja2
A1: Pivot | B1: SGR
A2: Fecha | B2: Estado Fenológico | C2: Riego(mm)
A3: 45946 | B3: Inicial | C3: 20
A4: 45994 | B4: Desarrollo - PC | C4: 20
A5: 45998 | B5: Desarrollo - PC | C5: 20
A6: 46001 | B6: Desarrollo - PC | C6: 20
A7: 46013 | B7: Desarrollo - PC | C7: 20
A10: Total | C10: =SUM(C3:C9) -> 100
B12: Pivot: SGR
B13: Fecha | C13: Lamina
B14: 45998 | C14: 20
B15: 46001 | C15: 20
B16: 46004 | C16: 20
B17: 46013 | C17: 20
B18: 46022 | C18: 20
B19: 46028 | C19: 20
B20: 46030 | C20: 20
B21: 46042 | C21: 20
B22: Total | C22: =SUM(C14:C21) -> 160
B23: Superficie | C23: 100
B24: MM total | C24: =C22*C23 -> 16000

Sheet Hoja1
A1: El Trebol - Riego - Maiz
A2: Lote | B2: Superficie | C2: F. Siembra | D2: Octubre | E2: Noviembre | F2: Diciembre | G2: Enero | H2: Febrero
A3: ET - SGR | B3: 100 | C3: 45917 | D3: =B3*SUM('ET - SGR'!C16:C46) -> 2000 | E3: =B3*SUM('ET - SGR'!C47:C76) -> 0 | F3: =B3*SUM('ET - SGR'!C77:C107) -> 12000 | G3: =B3*SUM('ET - SGR'!C108:C138) -> 6000 | H3: =B3*SUM('ET - SGR'!C139:C153) -> 0
A8: Total | B8: =SUM(B3:B7) -> 100 | D8: =SUM(D3:D7) -> 2000 | E8: =SUM(E3:E7) -> 0 | F8: =SUM(F3:F7) -> 12000 | G8: =SUM(G3:G7) -> 6000 | H8: =SUM(H3:H7) -> 0

Sheet ET - SGR
A1: Fecha | B1: Estado Fenológico | C1: Riego(mm) | D1: Lluvia (mm) | E1: Coef. | F1: Lluvia Ef. | G1: Acumulado | H1: ETP (mm) | I1: KC | J1: ETC.Cult. | K1: AU: Riego | L1: % Agua Útil | M1: Umbral | N1: AU-Umbral | O1: Acumulado PP | P1: AU: Secano | Q1: kc | R1: ETP | S1: ETC.Cult. | T1: DATOS: | V1: AU: PP (sin R)
A2: =Hoja1!C3 -> 45917 | B2: Emergencia | E2: 1 | F2: =D2*E2 -> 0 | G2: 90 | H2: 2.4 | I2: 0.09 | J2: =H2*I2 -> 0.216 | K2: =IF(C2+F2+G2-J2>$U$2,$U$2,(IF(C2+F2+G2-J2<0,0,C2+F2+G2-J2))) -> 89.784 | L2: =P2*100/$U$2 -> 74.82 | M2: =+$U$2*0.5 -> 60 | N2: =K2-M2 -> 29.784 | O2: =G2 -> 90 | P2: =IF(V2+F2+G2-J2>$U$2,$U$2,(IF(V2+F2+G2-J2<0,0,V2+F2+G2-J2))) -> 89.784 | Q2: Prom etapa | R2: Prom etapa | S2: Prom etapa | T2: Agua Útil | U2: 120
A3: =A2+1 -> 45918 | B3: Inicial | E3: 1 | F3: =D3*E3 -> 0 | G3: =K2 -> 89.784 | H3: 2.6 | I3: 0.09 | J3: =H3*I3 -> 0.234 | K3: =IF(C3+F3+G3-J3>$U$2,$U$2,(IF(C3+F3+G3-J3<0,0,C3+F3+G3-J3))) -> 89.55 | L3: =P3*100/$U$2 -> 74.625 | M3: =+$U$2*0.5 -> 60 | N3: =K3-M3 -> 29.55 | O3: =P2 -> 89.784 | P3: =IF(V3+F3+O3-J3>$U$2,$U$2,(IF(V3+F3+O3-J3<0,0,V3+F3+O3-J3))) -> 89.55
A4: =A3+1 -> 45919 | B4: Inicial | E4: 1 | F4: =D4*E4 -> 0 | G4: =K3 -> 89.55 | H4: 3 | I4: 0.09 | J4: =H4*I4 -> 0.27 | K4: =IF(C4+F4+G4-J4>$U$2,$U$2,(IF(C4+F4+G4-J4<0,0,C4+F4+G4-J4))) -> 89.28 | L4: =K4*100/$U$2 -> 74.4 | M4: =+$U$2*0.5 -> 60 | N4: =K4-M4 -> 29.28 | O4: =P3 -> 89.55 | P4: =IF(V4+F4+O4-J4>$U$2,$U$2,(IF(V4+F4+O4-J4<0,0,V4+F4+O4-J4))) -> 89.28 | T4: Notas:
A5: =A4+1 -> 45920 | B5: Inicial | E5: 1 | F5: =D5*E5 -> 0 | G5: =K4 -> 89.28 | H5: 2.55 | I5: 0.09 | J5: =H5*I5 -> 0.2295 | K5: =IF(C5+F5+G5-J5>$U$2,$U$2,(IF(C5+F5+G5-J5<0,0,C5+F5+G5-J5))) -> 89.0505 | L5: =K5*100/$U$2 -> 74.20875 | M5: =+$U$2*0.5 -> 60 | N5: =K5-M5 -> 29.0505 | O5: =P4 -> 89.28 | P5: =IF(V5+F5+O5-J5>$U$2,$U$2,(IF(V5+F5+O5-J5<0,0,V5+F5+O5-J5))) -> 89.0505 | T5: ETP | U5: Dato campaña 2015-16 Hidraulica ER Urdinarrain
A6: =A5+1 -> 45921 | B6: Inicial | D6: 22 | E6: 1 | F6: =D6*E6 -> 22 | G6: =K5 -> 89.0505 | H6: 4 | I6: 0.09 | J6: =H6*I6 -> 0.36 | K6: =IF(C6+F6+G6-J6>$U$2,$U$2,(IF(C6+F6+G6-J6<0,0,C6+F6+G6-J6))) -> 110.6905 | L6: =K6*100/$U$2 -> 92.242083 | M6: =+$U$2*0.5 -> 60 | N6: =K6-M6 -> 50.6905 | O6: =P5 -> 89.0505 | P6: =IF(V6+F6+O6-J6>$U$2,$U$2,(IF(V6+F6+O6-J6<0,0,V6+F6+O6-J6))) -> 110.6905 | T6: ETP | U6: Dato campaña 2014-15 Hidraulica ER Urdinarrain
A7: =A6+1 -> 45922 | B7: Inicial | E7: 1 | F7: =D7*E7 -> 0 | G7: =K6 -> 110.6905 | H7: 4.2 | I7: 0.09 | J7: =H7*I7 -> 0.378 | K7: =IF(C7+F7+G7-J7>$U$2,$U$2,(IF(C7+F7+G7-J7<0,0,C7+F7+G7-J7))) -> 110.3125 | L7: =K7*100/$U$2 -> 91.927083 | M7: =+$U$2*0.5 -> 60 | N7: =K7-M7 -> 50.3125 | O7: =P6 -> 110.6905 | P7: =IF(V7+F7+O7-J7>$U$2,$U$2,(IF(V7+F7+O7-J7<0,0,V7+F7+O7-J7))) -> 110.3125
A8: =A7+1 -> 45923 | B8: Inicial | E8: 1 | F8: =D8*E8 -> 0 | G8: =K7 -> 110.3125 | H8: 1.2 | I8: 0.09 | J8: =H8*I8 -> 0.108 | K8: =IF(C8+F8+G8-J8>$U$2,$U$2,(IF(C8+F8+G8-J8<0,0,C8+F8+G8-J8))) -> 110.2045 | L8: =K8*100/$U$2 -> 91.837083 | M8: =+$U$2*0.5 -> 60 | N8: =K8-M8 -> 50.2045 | O8: =P7 -> 110.3125 | P8: =IF(V8+F8+O8-J8>$U$2,$U$2,(IF(V8+F8+O8-J8<0,0,V8+F8+O8-J8))) -> 110.2045
A9: =A8+1 -> 45924 | B9: Inicial | E9: 1 | F9: =D9*E9 -> 0 | G9: =K8 -> 110.2045 | H9: 2.7 | I9: 0.09 | J9: =H9*I9 -> 0.243 | K9: =IF(C9+F9+G9-J9>$U$2,$U$2,(IF(C9+F9+G9-J9<0,0,C9+F9+G9-J9))) -> 109.9615 | L9: =K9*100/$U$2 -> 91.634583 | M9: =+$U$2*0.5 -> 60 | N9: =K9-M9 -> 49.9615 | O9: =P8 -> 110.2045 | P9: =IF(V9+F9+O9-J9>$U$2,$U$2,(IF(V9+F9+O9-J9<0,0,V9+F9+O9-J9))) -> 109.9615
A10: =A9+1 -> 45925 | B10: Inicial | E10: 1 | F10: =D10*E10 -> 0 | G10: =K9 -> 109.9615 | H10: 3.6 | I10: 0.14 | J10: =H10*I10 -> 0.504 | K10: =IF(C10+F10+G10-J10>$U$2,$U$2,(IF(C10+F10+G10-J10<0,0,C10+F10+G10-J10))) -> 109.4575 | L10: =K10*100/$U$2 -> 91.214583 | M10: =+$U$2*0.5 -> 60 | N10: =K10-M10 -> 49.4575 | O10: =P9 -> 109.9615 | P10: =IF(V10+F10+O10-J10>$U$2,$U$2,(IF(V10+F10+O10-J10<0,0,V10+F10+O10-J10))) -> 109.4575
A11: =A10+1 -> 45926 | B11: Inicial | E11: 1 | F11: =D11*E11 -> 0 | G11: =K10 -> 109.4575 | H11: 4.6 | I11: 0.14 | J11: =H11*I11 -> 0.644 | K11: =IF(C11+F11+G11-J11>$U$2,$U$2,(IF(C11+F11+G11-J11<0,0,C11+F11+G11-J11))) -> 108.8135 | L11: =K11*100/$U$2 -> 90.677917 | M11: =+$U$2*0.5 -> 60 | N11: =K11-M11 -> 48.8135 | O11: =P10 -> 109.4575 | P11: =IF(V11+F11+O11-J11>$U$2,$U$2,(IF(V11+F11+O11-J11<0,0,V11+F11+O11-J11))) -> 108.8135
A12: =A11+1 -> 45927 | B12: Inicial | E12: 1 | F12: =D12*E12 -> 0 | G12: =K11 -> 108.8135 | H12: 4 | I12: 0.14 | J12: =H12*I12 -> 0.56 | K12: =IF(C12+F12+G12-J12>$U$2,$U$2,(IF(C12+F12+G12-J12<0,0,C12+F12+G12-J12))) -> 108.2535 | L12: =K12*100/$U$2 -> 90.21125 | M12: =+$U$2*0.5 -> 60 | N12: =K12-M12 -> 48.2535 | O12: =P11 -> 108.8135 | P12: =IF(V12+F12+O12-J12>$U$2,$U$2,(IF(V12+F12+O12-J12<0,0,V12+F12+O12-J12))) -> 108.2535
A13: =A12+1 -> 45928 | B13: Inicial | E13: 1 | F13: =D13*E13 -> 0 | G13: =K12 -> 108.2535 | H13: 4.65 | I13: 0.14 | J13: =H13*I13 -> 0.651 | K13: =IF(C13+F13+G13-J13>$U$2,$U$2,(IF(C13+F13+G13-J13<0,0,C13+F13+G13-J13))) -> 107.6025 | L13: =K13*100/$U$2 -> 89.66875 | M13: =+$U$2*0.5 -> 60 | N13: =K13-M13 -> 47.6025 | O13: =P12 -> 108.2535 | P13: =IF(V13+F13+O13-J13>$U$2,$U$2,(IF(V13+F13+O13-J13<0,0,V13+F13+O13-J13))) -> 107.6025
A14: =A13+1 -> 45929 | B14: Inicial | E14: 1 | F14: =D14*E14 -> 0 | G14: =K13 -> 107.6025 | H14: 3.6 | I14: 0.14 | J14: =H14*I14 -> 0.504 | K14: =IF(C14+F14+G14-J14>$U$2,$U$2,(IF(C14+F14+G14-J14<0,0,C14+F14+G14-J14))) -> 107.0985 | L14: =K14*100/$U$2 -> 89.24875 | M14: =+$U$2*0.5 -> 60 | N14: =K14-M14 -> 47.0985 | O14: =P13 -> 107.6025 | P14: =IF(V14+F14+O14-J14>$U$2,$U$2,(IF(V14+F14+O14-J14<0,0,V14+F14+O14-J14))) -> 107.0985
A15: =A14+1 -> 45930 | B15: Inicial | E15: 1 | F15: =D15*E15 -> 0 | G15: =K14 -> 107.0985 | H15: 4.5 | I15: 0.14 | J15: =H15*I15 -> 0.63 | K15: =IF(C15+F15+G15-J15>$U$2,$U$2,(IF(C15+F15+G15-J15<0,0,C15+F15+G15-J15))) -> 106.4685 | L15: =K15*100/$U$2 -> 88.72375 | M15: =+$U$2*0.5 -> 60 | N15: =K15-M15 -> 46.4685 | O15: =P14 -> 107.0985 | P15: =IF(V15+F15+O15-J15>$U$2,$U$2,(IF(V15+F15+O15-J15<0,0,V15+F15+O15-J15))) -> 106.4685
A16: =A15+1 -> 45931 | B16: Inicial | E16: 1 | F16: =D16*E16 -> 0 | G16: =K15 -> 106.4685 | H16: 4.5 | I16: 0.18 | J16: =H16*I16 -> 0.81 | K16: =IF(C16+F16+G16-J16>$U$2,$U$2,(IF(C16+F16+G16-J16<0,0,C16+F16+G16-J16))) -> 105.6585 | L16: =K16*100/$U$2 -> 88.04875 | M16: =+$U$2*0.5 -> 60 | N16: =K16-M16 -> 45.6585 | O16: =P15 -> 106.4685 | P16: =IF(V16+F16+O16-J16>$U$2,$U$2,(IF(V16+F16+O16-J16<0,0,V16+F16+O16-J16))) -> 105.6585
A17: =A16+1 -> 45932 | B17: Inicial | E17: 1 | F17: =D17*E17 -> 0 | G17: =K16 -> 105.6585 | H17: 2.5 | I17: 0.18 | J17: =H17*I17 -> 0.45 | K17: =IF(C17+F17+G17-J17>$U$2,$U$2,(IF(C17+F17+G17-J17<0,0,C17+F17+G17-J17))) -> 105.2085 | L17: =K17*100/$U$2 -> 87.67375 | M17: =+$U$2*0.5 -> 60 | N17: =K17-M17 -> 45.2085 | O17: =P16 -> 105.6585 | P17: =IF(V17+F17+O17-J17>$U$2,$U$2,(IF(V17+F17+O17-J17<0,0,V17+F17+O17-J17))) -> 105.2085
A18: =A17+1 -> 45933 | B18: Inicial | E18: 1 | F18: =D18*E18 -> 0 | G18: =K17 -> 105.2085 | H18: 4 | I18: 0.18 | J18: =H18*I18 -> 0.72 | K18: =IF(C18+F18+G18-J18>$U$2,$U$2,(IF(C18+F18+G18-J18<0,0,C18+F18+G18-J18))) -> 104.4885 | L18: =K18*100/$U$2 -> 87.07375 | M18: =+$U$2*0.5 -> 60 | N18: =K18-M18 -> 44.4885 | O18: =P17 -> 105.2085 | P18: =IF(V18+F18+O18-J18>$U$2,$U$2,(IF(V18+F18+O18-J18<0,0,V18+F18+O18-J18))) -> 104.4885
A19: =A18+1 -> 45934 | B19: Inicial | E19: 1 | F19: =D19*E19 -> 0 | G19: =K18 -> 104.4885 | H19: 4.5 | I19: 0.18 | J19: =H19*I19 -> 0.81 | K19: =IF(C19+F19+G19-J19>$U$2,$U$2,(IF(C19+F19+G19-J19<0,0,C19+F19+G19-J19))) -> 103.6785 | L19: =K19*100/$U$2 -> 86.39875 | M19: =+$U$2*0.5 -> 60 | N19: =K19-M19 -> 43.6785 | O19: =P18 -> 104.4885 | P19: =IF(V19+F19+O19-J19>$U$2,$U$2,(IF(V19+F19+O19-J19<0,0,V19+F19+O19-J19))) -> 103.6785
A20: =A19+1 -> 45935 | B20: Inicial | D20: 32 | E20: 1 | F20: =D20*E20 -> 32 | G20: =K19 -> 103.6785 | H20: 5 | I20: 0.18 | J20: =H20*I20 -> 0.9 | K20: =IF(C20+F20+G20-J20>$U$2,$U$2,(IF(C20+F20+G20-J20<0,0,C20+F20+G20-J20))) -> 120 | L20: =K20*100/$U$2 -> 100 | M20: =+$U$2*0.5 -> 60 | N20: =K20-M20 -> 60 | O20: =P19 -> 103.6785 | P20: =IF(V20+F20+O20-J20>$U$2,$U$2,(IF(V20+F20+O20-J20<0,0,V20+F20+O20-J20))) -> 120
A21: =A20+1 -> 45936 | B21: Inicial | E21: 1 | F21: =D21*E21 -> 0 | G21: =K20 -> 120 | H21: 5.2 | I21: 0.18 | J21: =H21*I21 -> 0.936 | K21: =IF(C21+F21+G21-J21>$U$2,$U$2,(IF(C21+F21+G21-J21<0,0,C21+F21+G21-J21))) -> 119.064 | L21: =K21*100/$U$2 -> 99.22 | M21: =+$U$2*0.5 -> 60 | N21: =K21-M21 -> 59.064 | O21: =P20 -> 120 | P21: =IF(V21+F21+O21-J21>$U$2,$U$2,(IF(V21+F21+O21-J21<0,0,V21+F21+O21-J21))) -> 119.064
A22: =A21+1 -> 45937 | B22: Inicial | E22: 1 | F22: =D22*E22 -> 0 | G22: =K21 -> 119.064 | H22: 5.2 | I22: 0.18 | J22: =H22*I22 -> 0.936 | K22: =IF(C22+F22+G22-J22>$U$2,$U$2,(IF(C22+F22+G22-J22<0,0,C22+F22+G22-J22))) -> 118.128 | L22: =K22*100/$U$2 -> 98.44 | M22: =+$U$2*0.5 -> 60 | N22: =K22-M22 -> 58.128 | O22: =P21 -> 119.064 | P22: =IF(V22+F22+O22-J22>$U$2,$U$2,(IF(V22+F22+O22-J22<0,0,V22+F22+O22-J22))) -> 118.128
A23: =A22+1 -> 45938 | B23: Inicial | E23: 1 | F23: =D23*E23 -> 0 | G23: =K22 -> 118.128 | H23: 4.8 | I23: 0.18 | J23: =H23*I23 -> 0.864 | K23: =IF(C23+F23+G23-J23>$U$2,$U$2,(IF(C23+F23+G23-J23<0,0,C23+F23+G23-J23))) -> 117.264 | L23: =K23*100/$U$2 -> 97.72 | M23: =+$U$2*0.5 -> 60 | N23: =K23-M23 -> 57.264 | O23: =P22 -> 118.128 | P23: =IF(V23+F23+O23-J23>$U$2,$U$2,(IF(V23+F23+O23-J23<0,0,V23+F23+O23-J23))) -> 117.264
A24: =A23+1 -> 45939 | B24: Inicial | E24: 1 | F24: =D24*E24 -> 0 | G24: =K23 -> 117.264 | H24: 3 | I24: 0.25 | J24: =H24*I24 -> 0.75 | K24: =IF(C24+F24+G24-J24>$U$2,$U$2,(IF(C24+F24+G24-J24<0,0,C24+F24+G24-J24))) -> 116.514 | L24: =K24*100/$U$2 -> 97.095 | M24: =+$U$2*0.5 -> 60 | N24: =K24-M24 -> 56.514 | O24: =P23 -> 117.264 | P24: =IF(V24+F24+O24-J24>$U$2,$U$2,(IF(V24+F24+O24-J24<0,0,V24+F24+O24-J24))) -> 116.514
A25: =A24+1 -> 45940 | B25: Inicial | E25: 1 | F25: =D25*E25 -> 0 | G25: =K24 -> 116.514 | H25: 5.2 | I25: 0.25 | J25: =H25*I25 -> 1.3 | K25: =IF(C25+F25+G25-J25>$U$2,$U$2,(IF(C25+F25+G25-J25<0,0,C25+F25+G25-J25))) -> 115.214 | L25: =K25*100/$U$2 -> 96.011667 | M25: =+$U$2*0.5 -> 60 | N25: =K25-M25 -> 55.214 | O25: =P24 -> 116.514 | P25: =IF(V25+F25+O25-J25>$U$2,$U$2,(IF(V25+F25+O25-J25<0,0,V25+F25+O25-J25))) -> 115.214
A26: =A25+1 -> 45941 | B26: Inicial | E26: 1 | F26: =D26*E26 -> 0 | G26: =K25 -> 115.214 | H26: 5.1 | I26: 0.25 | J26: =H26*I26 -> 1.275 | K26: =IF(C26+F26+G26-J26>$U$2,$U$2,(IF(C26+F26+G26-J26<0,0,C26+F26+G26-J26))) -> 113.939 | L26: =K26*100/$U$2 -> 94.949167 | M26: =+$U$2*0.5 -> 60 | N26: =K26-M26 -> 53.939 | O26: =P25 -> 115.214 | P26: =IF(V26+F26+O26-J26>$U$2,$U$2,(IF(V26+F26+O26-J26<0,0,V26+F26+O26-J26))) -> 113.939
A27: =A26+1 -> 45942 | B27: Inicial | E27: 1 | F27: =D27*E27 -> 0 | G27: =K26 -> 113.939 | H27: 5 | I27: 0.25 | J27: =H27*I27 -> 1.25 | K27: =IF(C27+F27+G27-J27>$U$2,$U$2,(IF(C27+F27+G27-J27<0,0,C27+F27+G27-J27))) -> 112.689 | L27: =K27*100/$U$2 -> 93.9075 | M27: =+$U$2*0.5 -> 60 | N27: =K27-M27 -> 52.689 | O27: =P26 -> 113.939 | P27: =IF(V27+F27+O27-J27>$U$2,$U$2,(IF(V27+F27+O27-J27<0,0,V27+F27+O27-J27))) -> 112.689
A28: =A27+1 -> 45943 | B28: Inicial | E28: 1 | F28: =D28*E28 -> 0 | G28: =K27 -> 112.689 | H28: 5 | I28: 0.25 | J28: =H28*I28 -> 1.25 | K28: =IF(C28+F28+G28-J28>$U$2,$U$2,(IF(C28+F28+G28-J28<0,0,C28+F28+G28-J28))) -> 111.439 | L28: =K28*100/$U$2 -> 92.865833 | M28: =+$U$2*0.5 -> 60 | N28: =K28-M28 -> 51.439 | O28: =P27 -> 112.689 | P28: =IF(V28+F28+O28-J28>$U$2,$U$2,(IF(V28+F28+O28-J28<0,0,V28+F28+O28-J28))) -> 111.439
A29: =A28+1 -> 45944 | B29: Inicial | E29: 1 | F29: =D29*E29 -> 0 | G29: =K28 -> 111.439 | H29: 5 | I29: 0.25 | J29: =H29*I29 -> 1.25 | K29: =IF(C29+F29+G29-J29>$U$2,$U$2,(IF(C29+F29+G29-J29<0,0,C29+F29+G29-J29))) -> 110.189 | L29: =K29*100/$U$2 -> 91.824167 | M29: =+$U$2*0.5 -> 60 | N29: =K29-M29 -> 50.189 | O29: =P28 -> 111.439 | P29: =IF(V29+F29+O29-J29>$U$2,$U$2,(IF(V29+F29+O29-J29<0,0,V29+F29+O29-J29))) -> 110.189
A30: =A29+1 -> 45945 | B30: Inicial | E30: 1 | F30: =D30*E30 -> 0 | G30: =K29 -> 110.189 | H30: 5 | I30: 0.25 | J30: =H30*I30 -> 1.25 | K30: =IF(C30+F30+G30-J30>$U$2,$U$2,(IF(C30+F30+G30-J30<0,0,C30+F30+G30-J30))) -> 108.939 | L30: =K30*100/$U$2 -> 90.7825 | M30: =+$U$2*0.5 -> 60 | N30: =K30-M30 -> 48.939 | O30: =P29 -> 110.189 | P30: =IF(V30+F30+O30-J30>$U$2,$U$2,(IF(V30+F30+O30-J30<0,0,V30+F30+O30-J30))) -> 108.939
A31: =A30+1 -> 45946 | B31: Inicial | C31: 20 | E31: 1 | F31: =D31*E31 -> 0 | G31: =K30 -> 108.939 | H31: 5.1 | I31: 0.25 | J31: =H31*I31 -> 1.275 | K31: =IF(C31+F31+G31-J31>$U$2,$U$2,(IF(C31+F31+G31-J31<0,0,C31+F31+G31-J31))) -> 120 | L31: =K31*100/$U$2 -> 100 | M31: =+$U$2*0.5 -> 60 | N31: =K31-M31 -> 60 | O31: =P30 -> 108.939 | P31: =IF(V31+F31+O31-J31>$U$2,$U$2,(IF(V31+F31+O31-J31<0,0,V31+F31+O31-J31))) -> 107.664
A32: =A31+1 -> 45947 | B32: Inicial | E32: 1 | F32: =D32*E32 -> 0 | G32: =K31 -> 120 | H32: 5.7 | I32: 0.25 | J32: =H32*I32 -> 1.425 | K32: =IF(C32+F32+G32-J32>$U$2,$U$2,(IF(C32+F32+G32-J32<0,0,C32+F32+G32-J32))) -> 118.575 | L32: =K32*100/$U$2 -> 98.8125 | M32: =+$U$2*0.5 -> 60 | N32: =K32-M32 -> 58.575 | O32: =P31 -> 107.664 | P32: =IF(V32+F32+O32-J32>$U$2,$U$2,(IF(V32+F32+O32-J32<0,0,V32+F32+O32-J32))) -> 106.239 | Q32: =AVERAGE(I2:I31) -> 0.16666667 | R32: =AVERAGE(H2:H31) -> 4.0566667 | S32: =AVERAGE(J2:J32) -> 0.74137097
A33: =A32+1 -> 45948 | B33: Crecimiento | E33: 1 | F33: =D33*E33 -> 0 | G33: =K32 -> 118.575 | H33: 6 | I33: 0.44 | J33: =H33*I33 -> 2.64 | K33: =IF(C33+F33+G33-J33>$U$2,$U$2,(IF(C33+F33+G33-J33<0,0,C33+F33+G33-J33))) -> 115.935 | L33: =K33*100/$U$2 -> 96.6125 | M33: =+$U$2*0.5 -> 60 | N33: =K33-M33 -> 55.935 | O33: =P32 -> 106.239 | P33: =IF(V33+F33+O33-J33>$U$2,$U$2,(IF(V33+F33+O33-J33<0,0,V33+F33+O33-J33))) -> 103.599
A34: =A33+1 -> 45949 | B34: Crecimiento | E34: 1 | F34: =D34*E34 -> 0 | G34: =K33 -> 115.935 | H34: 4.3 | I34: 0.44 | J34: =H34*I34 -> 1.892 | K34: =IF(C34+F34+G34-J34>$U$2,$U$2,(IF(C34+F34+G34-J34<0,0,C34+F34+G34-J34))) -> 114.043 | L34: =K34*100/$U$2 -> 95.035833 | M34: =+$U$2*0.5 -> 60 | N34: =K34-M34 -> 54.043 | O34: =P33 -> 103.599 | P34: =IF(V34+F34+O34-J34>$U$2,$U$2,(IF(V34+F34+O34-J34<0,0,V34+F34+O34-J34))) -> 101.707
A35: =A34+1 -> 45950 | B35: Crecimiento | E35: 1 | F35: =D35*E35 -> 0 | G35: =K34 -> 114.043 | H35: 5.8 | I35: 0.44 | J35: =H35*I35 -> 2.552 | K35: =IF(C35+F35+G35-J35>$U$2,$U$2,(IF(C35+F35+G35-J35<0,0,C35+F35+G35-J35))) -> 111.491 | L35: =K35*100/$U$2 -> 92.909167 | M35: =+$U$2*0.5 -> 60 | N35: =K35-M35 -> 51.491 | O35: =P34 -> 101.707 | P35: =IF(V35+F35+O35-J35>$U$2,$U$2,(IF(V35+F35+O35-J35<0,0,V35+F35+O35-J35))) -> 99.155
A36: =A35+1 -> 45951 | B36: Crecimiento | E36: 1 | F36: =D36*E36 -> 0 | G36: =K35 -> 111.491 | H36: 1.9 | I36: 0.44 | J36: =H36*I36 -> 0.836 | K36: =IF(C36+F36+G36-J36>$U$2,$U$2,(IF(C36+F36+G36-J36<0,0,C36+F36+G36-J36))) -> 110.655 | L36: =K36*100/$U$2 -> 92.2125 | M36: =+$U$2*0.5 -> 60 | N36: =K36-M36 -> 50.655 | O36: =P35 -> 99.155 | P36: =IF(V36+F36+O36-J36>$U$2,$U$2,(IF(V36+F36+O36-J36<0,0,V36+F36+O36-J36))) -> 98.319
A37: =A36+1 -> 45952 | B37: Crecimiento | E37: 1 | F37: =D37*E37 -> 0 | G37: =K36 -> 110.655 | H37: 1.9 | I37: 0.44 | J37: =H37*I37 -> 0.836 | K37: =IF(C37+F37+G37-J37>$U$2,$U$2,(IF(C37+F37+G37-J37<0,0,C37+F37+G37-J37))) -> 109.819 | L37: =K37*100/$U$2 -> 91.515833 | M37: =+$U$2*0.5 -> 60 | N37: =K37-M37 -> 49.819 | O37: =P36 -> 98.319 | P37: =IF(V37+F37+O37-J37>$U$2,$U$2,(IF(V37+F37+O37-J37<0,0,V37+F37+O37-J37))) -> 97.483
A38: =A37+1 -> 45953 | B38: Crecimiento | E38: 1 | F38: =D38*E38 -> 0 | G38: =K37 -> 109.819 | H38: 4.8 | I38: 0.44 | J38: =H38*I38 -> 2.112 | K38: =IF(C38+F38+G38-J38>$U$2,$U$2,(IF(C38+F38+G38-J38<0,0,C38+F38+G38-J38))) -> 107.707 | L38: =K38*100/$U$2 -> 89.755833 | M38: =+$U$2*0.5 -> 60 | N38: =K38-M38 -> 47.707 | O38: =P37 -> 97.483 | P38: =IF(V38+F38+O38-J38>$U$2,$U$2,(IF(V38+F38+O38-J38<0,0,V38+F38+O38-J38))) -> 95.371
A39: =A38+1 -> 45954 | B39: Crecimiento | D39: 65 | E39: 0.8 | F39: =D39*E39 -> 52 | G39: =K38 -> 107.707 | H39: 3.2 | I39: 0.44 | J39: =H39*I39 -> 1.408 | K39: =IF(C39+F39+G39-J39>$U$2,$U$2,(IF(C39+F39+G39-J39<0,0,C39+F39+G39-J39))) -> 120 | L39: =K39*100/$U$2 -> 100 | M39: =+$U$2*0.5 -> 60 | N39: =K39-M39 -> 60 | O39: =P38 -> 95.371 | P39: =IF(V39+F39+O39-J39>$U$2,$U$2,(IF(V39+F39+O39-J39<0,0,V39+F39+O39-J39))) -> 120
A40: =A39+1 -> 45955 | B40: Crecimiento | E40: 1 | F40: =D40*E40 -> 0 | G40: =K39 -> 120 | H40: 2.7 | I40: 0.51 | J40: =H40*I40 -> 1.377 | K40: =IF(C40+F40+G40-J40>$U$2,$U$2,(IF(C40+F40+G40-J40<0,0,C40+F40+G40-J40))) -> 118.623 | L40: =K40*100/$U$2 -> 98.8525 | M40: =+$U$2*0.5 -> 60 | N40: =K40-M40 -> 58.623 | O40: =P39 -> 120 | P40: =IF(V40+F40+O40-J40>$U$2,$U$2,(IF(V40+F40+O40-J40<0,0,V40+F40+O40-J40))) -> 118.623
A41: =A40+1 -> 45956 | B41: Crecimiento | E41: 1 | F41: =D41*E41 -> 0 | G41: =K40 -> 118.623 | H41: 4.05 | I41: 0.51 | J41: =H41*I41 -> 2.0655 | K41: =IF(C41+F41+G41-J41>$U$2,$U$2,(IF(C41+F41+G41-J41<0,0,C41+F41+G41-J41))) -> 116.5575 | L41: =K41*100/$U$2 -> 97.13125 | M41: =+$U$2*0.5 -> 60 | N41: =K41-M41 -> 56.5575 | O41: =P40 -> 118.623 | P41: =IF(V41+F41+O41-J41>$U$2,$U$2,(IF(V41+F41+O41-J41<0,0,V41+F41+O41-J41))) -> 116.5575
A42: =A41+1 -> 45957 | B42: Crecimiento | E42: 1 | F42: =D42*E42 -> 0 | G42: =K41 -> 116.5575 | H42: 4.1 | I42: 0.51 | J42: =H42*I42 -> 2.091 | K42: =IF(C42+F42+G42-J42>$U$2,$U$2,(IF(C42+F42+G42-J42<0,0,C42+F42+G42-J42))) -> 114.4665 | L42: =K42*100/$U$2 -> 95.38875 | M42: =+$U$2*0.5 -> 60 | N42: =K42-M42 -> 54.4665 | O42: =P41 -> 116.5575 | P42: =IF(V42+F42+O42-J42>$U$2,$U$2,(IF(V42+F42+O42-J42<0,0,V42+F42+O42-J42))) -> 114.4665
A43: =A42+1 -> 45958 | B43: Crecimiento | E43: 1 | F43: =D43*E43 -> 0 | G43: =K42 -> 114.4665 | H43: 5 | I43: 0.51 | J43: =H43*I43 -> 2.55 | K43: =IF(C43+F43+G43-J43>$U$2,$U$2,(IF(C43+F43+G43-J43<0,0,C43+F43+G43-J43))) -> 111.9165 | L43: =K43*100/$U$2 -> 93.26375 | M43: =+$U$2*0.5 -> 60 | N43: =K43-M43 -> 51.9165 | O43: =P42 -> 114.4665 | P43: =IF(V43+F43+O43-J43>$U$2,$U$2,(IF(V43+F43+O43-J43<0,0,V43+F43+O43-J43))) -> 111.9165
A44: =A43+1 -> 45959 | B44: Crecimiento | E44: 1 | F44: =D44*E44 -> 0 | G44: =K43 -> 111.9165 | H44: 5 | I44: 0.51 | J44: =H44*I44 -> 2.55 | K44: =IF(C44+F44+G44-J44>$U$2,$U$2,(IF(C44+F44+G44-J44<0,0,C44+F44+G44-J44))) -> 109.3665 | L44: =K44*100/$U$2 -> 91.13875 | M44: =+$U$2*0.5 -> 60 | N44: =K44-M44 -> 49.3665 | O44: =P43 -> 111.9165 | P44: =IF(V44+F44+O44-J44>$U$2,$U$2,(IF(V44+F44+O44-J44<0,0,V44+F44+O44-J44))) -> 109.3665
A45: =A44+1 -> 45960 | B45: Crecimiento | E45: 1 | F45: =D45*E45 -> 0 | G45: =K44 -> 109.3665 | H45: 5.1 | I45: 0.51 | J45: =H45*I45 -> 2.601 | K45: =IF(C45+F45+G45-J45>$U$2,$U$2,(IF(C45+F45+G45-J45<0,0,C45+F45+G45-J45))) -> 106.7655 | L45: =K45*100/$U$2 -> 88.97125 | M45: =+$U$2*0.5 -> 60 | N45: =K45-M45 -> 46.7655 | O45: =P44 -> 109.3665 | P45: =IF(V45+F45+O45-J45>$U$2,$U$2,(IF(V45+F45+O45-J45<0,0,V45+F45+O45-J45))) -> 106.7655
A46: =A45+1 -> 45961 | B46: Crecimiento | E46: 1 | F46: =D46*E46 -> 0 | G46: =K45 -> 106.7655 | H46: 5.4 | I46: 0.51 | J46: =H46*I46 -> 2.754 | K46: =IF(C46+F46+G46-J46>$U$2,$U$2,(IF(C46+F46+G46-J46<0,0,C46+F46+G46-J46))) -> 104.0115 | L46: =K46*100/$U$2 -> 86.67625 | M46: =+$U$2*0.5 -> 60 | N46: =K46-M46 -> 44.0115 | O46: =P45 -> 106.7655 | P46: =IF(V46+F46+O46-J46>$U$2,$U$2,(IF(V46+F46+O46-J46<0,0,V46+F46+O46-J46))) -> 104.0115
A47: =A46+1 -> 45962 | B47: Crecimiento | E47: 1 | F47: =D47*E47 -> 0 | G47: =K46 -> 104.0115 | H47: 3.05 | I47: 0.64 | J47: =H47*I47 -> 1.952 | K47: =IF(C47+F47+G47-J47>$U$2,$U$2,(IF(C47+F47+G47-J47<0,0,C47+F47+G47-J47))) -> 102.0595 | L47: =K47*100/$U$2 -> 85.049583 | M47: =+$U$2*0.5 -> 60 | N47: =K47-M47 -> 42.0595 | O47: =P46 -> 104.0115 | P47: =IF(V47+F47+O47-J47>$U$2,$U$2,(IF(V47+F47+O47-J47<0,0,V47+F47+O47-J47))) -> 102.0595
A48: =A47+1 -> 45963 | B48: Crecimiento | E48: 1 | F48: =D48*E48 -> 0 | G48: =K47 -> 102.0595 | H48: 4 | I48: 0.64 | J48: =H48*I48 -> 2.56 | K48: =IF(C48+F48+G48-J48>$U$2,$U$2,(IF(C48+F48+G48-J48<0,0,C48+F48+G48-J48))) -> 99.4995 | L48: =K48*100/$U$2 -> 82.91625 | M48: =+$U$2*0.5 -> 60 | N48: =K48-M48 -> 39.4995 | O48: =P47 -> 102.0595 | P48: =IF(V48+F48+O48-J48>$U$2,$U$2,(IF(V48+F48+O48-J48<0,0,V48+F48+O48-J48))) -> 99.4995
A49: =A48+1 -> 45964 | B49: Crecimiento | E49: 1 | F49: =D49*E49 -> 0 | G49: =K48 -> 99.4995 | H49: 4.3 | I49: 0.64 | J49: =H49*I49 -> 2.752 | K49: =IF(C49+F49+G49-J49>$U$2,$U$2,(IF(C49+F49+G49-J49<0,0,C49+F49+G49-J49))) -> 96.7475 | L49: =K49*100/$U$2 -> 80.622917 | M49: =+$U$2*0.5 -> 60 | N49: =K49-M49 -> 36.7475 | O49: =P48 -> 99.4995 | P49: =IF(V49+F49+O49-J49>$U$2,$U$2,(IF(V49+F49+O49-J49<0,0,V49+F49+O49-J49))) -> 96.7475
A50: =A49+1 -> 45965 | B50: Crecimiento | E50: 1 | F50: =D50*E50 -> 0 | G50: =K49 -> 96.7475 | H50: 0.5 | I50: 0.64 | J50: =H50*I50 -> 0.32 | K50: =IF(C50+F50+G50-J50>$U$2,$U$2,(IF(C50+F50+G50-J50<0,0,C50+F50+G50-J50))) -> 96.4275 | L50: =K50*100/$U$2 -> 80.35625 | M50: =+$U$2*0.5 -> 60 | N50: =K50-M50 -> 36.4275 | O50: =P49 -> 96.7475 | P50: =IF(V50+F50+O50-J50>$U$2,$U$2,(IF(V50+F50+O50-J50<0,0,V50+F50+O50-J50))) -> 96.4275
A51: =A50+1 -> 45966 | B51: Crecimiento | E51: 1 | F51: =D51*E51 -> 0 | G51: =K50 -> 96.4275 | H51: 3.35 | I51: 0.64 | J51: =H51*I51 -> 2.144 | K51: =IF(C51+F51+G51-J51>$U$2,$U$2,(IF(C51+F51+G51-J51<0,0,C51+F51+G51-J51))) -> 94.2835 | L51: =K51*100/$U$2 -> 78.569583 | M51: =+$U$2*0.5 -> 60 | N51: =K51-M51 -> 34.2835 | O51: =P50 -> 96.4275 | P51: =IF(V51+F51+O51-J51>$U$2,$U$2,(IF(V51+F51+O51-J51<0,0,V51+F51+O51-J51))) -> 94.2835
A52: =A51+1 -> 45967 | B52: Crecimiento | E52: 1 | F52: =D52*E52 -> 0 | G52: =K51 -> 94.2835 | H52: 4.9 | I52: 0.64 | J52: =H52*I52 -> 3.136 | K52: =IF(C52+F52+G52-J52>$U$2,$U$2,(IF(C52+F52+G52-J52<0,0,C52+F52+G52-J52))) -> 91.1475 | L52: =K52*100/$U$2 -> 75.95625 | M52: =+$U$2*0.5 -> 60 | N52: =K52-M52 -> 31.1475 | O52: =P51 -> 94.2835 | P52: =IF(V52+F52+O52-J52>$U$2,$U$2,(IF(V52+F52+O52-J52<0,0,V52+F52+O52-J52))) -> 91.1475
A53: =A52+1 -> 45968 | B53: Crecimiento | D53: 40 | E53: 1 | F53: =D53*E53 -> 40 | G53: =K52 -> 91.1475 | H53: 6 | I53: 0.64 | J53: =H53*I53 -> 3.84 | K53: =IF(C53+F53+G53-J53>$U$2,$U$2,(IF(C53+F53+G53-J53<0,0,C53+F53+G53-J53))) -> 120 | L53: =K53*100/$U$2 -> 100 | M53: =+$U$2*0.5 -> 60 | N53: =K53-M53 -> 60 | O53: =P52 -> 91.1475 | P53: =IF(V53+F53+O53-J53>$U$2,$U$2,(IF(V53+F53+O53-J53<0,0,V53+F53+O53-J53))) -> 120
A54: =A53+1 -> 45969 | B54: Crecimiento | E54: 1 | F54: =D54*E54 -> 0 | G54: =K53 -> 120 | H54: 5.1 | I54: 0.77 | J54: =H54*I54 -> 3.927 | K54: =IF(C54+F54+G54-J54>$U$2,$U$2,(IF(C54+F54+G54-J54<0,0,C54+F54+G54-J54))) -> 116.073 | L54: =K54*100/$U$2 -> 96.7275 | M54: =+$U$2*0.5 -> 60 | N54: =K54-M54 -> 56.073 | O54: =P53 -> 120 | P54: =IF(V54+F54+O54-J54>$U$2,$U$2,(IF(V54+F54+O54-J54<0,0,V54+F54+O54-J54))) -> 116.073
A55: =A54+1 -> 45970 | B55: Crecimiento | E55: 1 | F55: =D55*E55 -> 0 | G55: =K54 -> 116.073 | H55: 1.3 | I55: 0.77 | J55: =H55*I55 -> 1.001 | K55: =IF(C55+F55+G55-J55>$U$2,$U$2,(IF(C55+F55+G55-J55<0,0,C55+F55+G55-J55))) -> 115.072 | L55: =K55*100/$U$2 -> 95.893333 | M55: =+$U$2*0.5 -> 60 | N55: =K55-M55 -> 55.072 | O55: =P54 -> 116.073 | P55: =IF(V55+F55+O55-J55>$U$2,$U$2,(IF(V55+F55+O55-J55<0,0,V55+F55+O55-J55))) -> 115.072
A56: =A55+1 -> 45971 | B56: Crecimiento | E56: 1 | F56: =D56*E56 -> 0 | G56: =K55 -> 115.072 | H56: 5.55 | I56: 0.77 | J56: =H56*I56 -> 4.2735 | K56: =IF(C56+F56+G56-J56>$U$2,$U$2,(IF(C56+F56+G56-J56<0,0,C56+F56+G56-J56))) -> 110.7985 | L56: =K56*100/$U$2 -> 92.332083 | M56: =+$U$2*0.5 -> 60 | N56: =K56-M56 -> 50.7985 | O56: =P55 -> 115.072 | P56: =IF(V56+F56+O56-J56>$U$2,$U$2,(IF(V56+F56+O56-J56<0,0,V56+F56+O56-J56))) -> 110.7985
A57: =A56+1 -> 45972 | B57: Crecimiento | E57: 1 | F57: =D57*E57 -> 0 | G57: =K56 -> 110.7985 | H57: 3.8 | I57: 0.77 | J57: =H57*I57 -> 2.926 | K57: =IF(C57+F57+G57-J57>$U$2,$U$2,(IF(C57+F57+G57-J57<0,0,C57+F57+G57-J57))) -> 107.8725 | L57: =K57*100/$U$2 -> 89.89375 | M57: =+$U$2*0.5 -> 60 | N57: =K57-M57 -> 47.8725 | O57: =P56 -> 110.7985 | P57: =IF(V57+F57+O57-J57>$U$2,$U$2,(IF(V57+F57+O57-J57<0,0,V57+F57+O57-J57))) -> 107.8725
A58: =A57+1 -> 45973 | B58: Crecimiento | D58: 10 | E58: 1 | F58: =D58*E58 -> 10 | G58: =K57 -> 107.8725 | H58: 6.5 | I58: 0.77 | J58: =H58*I58 -> 5.005 | K58: =IF(C58+F58+G58-J58>$U$2,$U$2,(IF(C58+F58+G58-J58<0,0,C58+F58+G58-J58))) -> 112.8675 | L58: =K58*100/$U$2 -> 94.05625 | M58: =+$U$2*0.5 -> 60 | N58: =K58-M58 -> 52.8675 | O58: =P57 -> 107.8725 | P58: =IF(V58+F58+O58-J58>$U$2,$U$2,(IF(V58+F58+O58-J58<0,0,V58+F58+O58-J58))) -> 112.8675
A59: =A58+1 -> 45974 | B59: Crecimiento | E59: 1 | F59: =D59*E59 -> 0 | G59: =K58 -> 112.8675 | H59: 3.2 | I59: 0.77 | J59: =H59*I59 -> 2.464 | K59: =IF(C59+F59+G59-J59>$U$2,$U$2,(IF(C59+F59+G59-J59<0,0,C59+F59+G59-J59))) -> 110.4035 | L59: =K59*100/$U$2 -> 92.002917 | M59: =+$U$2*0.5 -> 60 | N59: =K59-M59 -> 50.4035 | O59: =P58 -> 112.8675 | P59: =IF(V59+F59+O59-J59>$U$2,$U$2,(IF(V59+F59+O59-J59<0,0,V59+F59+O59-J59))) -> 110.4035
A60: =A59+1 -> 45975 | B60: Crecimiento | E60: 1 | F60: =D60*E60 -> 0 | G60: =K59 -> 110.4035 | H60: 0.5 | I60: 0.77 | J60: =H60*I60 -> 0.385 | K60: =IF(C60+F60+G60-J60>$U$2,$U$2,(IF(C60+F60+G60-J60<0,0,C60+F60+G60-J60))) -> 110.0185 | L60: =K60*100/$U$2 -> 91.682083 | M60: =+$U$2*0.5 -> 60 | N60: =K60-M60 -> 50.0185 | O60: =P59 -> 110.4035 | P60: =IF(V60+F60+O60-J60>$U$2,$U$2,(IF(V60+F60+O60-J60<0,0,V60+F60+O60-J60))) -> 110.0185
A61: =A60+1 -> 45976 | B61: Crecimiento | D61: 30 | E61: 1 | F61: =D61*E61 -> 30 | G61: =K60 -> 110.0185 | H61: 6.5 | I61: 0.77 | J61: =H61*I61 -> 5.005 | K61: =IF(C61+F61+G61-J61>$U$2,$U$2,(IF(C61+F61+G61-J61<0,0,C61+F61+G61-J61))) -> 120 | L61: =K61*100/$U$2 -> 100 | M61: =+$U$2*0.5 -> 60 | N61: =K61-M61 -> 60 | O61: =P60 -> 110.0185 | P61: =IF(V61+F61+O61-J61>$U$2,$U$2,(IF(V61+F61+O61-J61<0,0,V61+F61+O61-J61))) -> 120
A62: =A61+1 -> 45977 | B62: Crecimiento | D62: 7 | E62: 1 | F62: =D62*E62 -> 7 | G62: =K61 -> 120 | H62: 6.05 | I62: 0.77 | J62: =H62*I62 -> 4.6585 | K62: =IF(C62+F62+G62-J62>$U$2,$U$2,(IF(C62+F62+G62-J62<0,0,C62+F62+G62-J62))) -> 120 | L62: =K62*100/$U$2 -> 100 | M62: =+$U$2*0.5 -> 60 | N62: =K62-M62 -> 60 | O62: =P61 -> 120 | P62: =IF(V62+F62+O62-J62>$U$2,$U$2,(IF(V62+F62+O62-J62<0,0,V62+F62+O62-J62))) -> 120
A63: =A62+1 -> 45978 | B63: Crecimiento | E63: 1 | F63: =D63*E63 -> 0 | G63: =K62 -> 120 | H63: 4.85 | I63: 0.77 | J63: =H63*I63 -> 3.7345 | K63: =IF(C63+F63+G63-J63>$U$2,$U$2,(IF(C63+F63+G63-J63<0,0,C63+F63+G63-J63))) -> 116.2655 | L63: =K63*100/$U$2 -> 96.887917 | M63: =+$U$2*0.5 -> 60 | N63: =K63-M63 -> 56.2655 | O63: =P62 -> 120 | P63: =IF(V63+F63+O63-J63>$U$2,$U$2,(IF(V63+F63+O63-J63<0,0,V63+F63+O63-J63))) -> 116.2655
A64: =A63+1 -> 45979 | B64: Crecimiento | E64: 1 | F64: =D64*E64 -> 0 | G64: =K63 -> 116.2655 | H64: 5 | I64: 0.84 | J64: =H64*I64 -> 4.2 | K64: =IF(C64+F64+G64-J64>$U$2,$U$2,(IF(C64+F64+G64-J64<0,0,C64+F64+G64-J64))) -> 112.0655 | L64: =K64*100/$U$2 -> 93.387917 | M64: =+$U$2*0.5 -> 60 | N64: =K64-M64 -> 52.0655 | O64: =P63 -> 116.2655 | P64: =IF(V64+F64+O64-J64>$U$2,$U$2,(IF(V64+F64+O64-J64<0,0,V64+F64+O64-J64))) -> 112.0655
A65: =A64+1 -> 45980 | B65: Crecimiento | E65: 1 | F65: =D65*E65 -> 0 | G65: =K64 -> 112.0655 | H65: 5 | I65: 0.84 | J65: =H65*I65 -> 4.2 | K65: =IF(C65+F65+G65-J65>$U$2,$U$2,(IF(C65+F65+G65-J65<0,0,C65+F65+G65-J65))) -> 107.8655 | L65: =K65*100/$U$2 -> 89.887917 | M65: =+$U$2*0.5 -> 60 | N65: =K65-M65 -> 47.8655 | O65: =P64 -> 112.0655 | P65: =IF(V65+F65+O65-J65>$U$2,$U$2,(IF(V65+F65+O65-J65<0,0,V65+F65+O65-J65))) -> 107.8655
A66: =A65+1 -> 45981 | B66: Crecimiento | D66: 13 | E66: 1 | F66: =D66*E66 -> 13 | G66: =K65 -> 107.8655 | H66: 5.1 | I66: 0.84 | J66: =H66*I66 -> 4.284 | K66: =IF(C66+F66+G66-J66>$U$2,$U$2,(IF(C66+F66+G66-J66<0,0,C66+F66+G66-J66))) -> 116.5815 | L66: =K66*100/$U$2 -> 97.15125 | M66: =+$U$2*0.5 -> 60 | N66: =K66-M66 -> 56.5815 | O66: =P65 -> 107.8655 | P66: =IF(V66+F66+O66-J66>$U$2,$U$2,(IF(V66+F66+O66-J66<0,0,V66+F66+O66-J66))) -> 116.5815
A67: =A66+1 -> 45982 | B67: Crecimiento | E67: 1 | F67: =D67*E67 -> 0 | G67: =K66 -> 116.5815 | H67: 5.3 | I67: 0.84 | J67: =H67*I67 -> 4.452 | K67: =IF(C67+F67+G67-J67>$U$2,$U$2,(IF(C67+F67+G67-J67<0,0,C67+F67+G67-J67))) -> 112.1295 | L67: =K67*100/$U$2 -> 93.44125 | M67: =+$U$2*0.5 -> 60 | N67: =K67-M67 -> 52.1295 | O67: =P66 -> 116.5815 | P67: =IF(V67+F67+O67-J67>$U$2,$U$2,(IF(V67+F67+O67-J67<0,0,V67+F67+O67-J67))) -> 112.1295
A68: =A67+1 -> 45983 | B68: Crecimiento | E68: 1 | F68: =D68*E68 -> 0 | G68: =K67 -> 112.1295 | H68: 5.6 | I68: 0.84 | J68: =H68*I68 -> 4.704 | K68: =IF(C68+F68+G68-J68>$U$2,$U$2,(IF(C68+F68+G68-J68<0,0,C68+F68+G68-J68))) -> 107.4255 | L68: =K68*100/$U$2 -> 89.52125 | M68: =+$U$2*0.5 -> 60 | N68: =K68-M68 -> 47.4255 | O68: =P67 -> 112.1295 | P68: =IF(V68+F68+O68-J68>$U$2,$U$2,(IF(V68+F68+O68-J68<0,0,V68+F68+O68-J68))) -> 107.4255
A69: =A68+1 -> 45984 | B69: Crecimiento | E69: 1 | F69: =D69*E69 -> 0 | G69: =K68 -> 107.4255 | H69: 5.9 | I69: 0.84 | J69: =H69*I69 -> 4.956 | K69: =IF(C69+F69+G69-J69>$U$2,$U$2,(IF(C69+F69+G69-J69<0,0,C69+F69+G69-J69))) -> 102.4695 | L69: =K69*100/$U$2 -> 85.39125 | M69: =+$U$2*0.5 -> 60 | N69: =K69-M69 -> 42.4695 | O69: =P68 -> 107.4255 | P69: =IF(V69+F69+O69-J69>$U$2,$U$2,(IF(V69+F69+O69-J69<0,0,V69+F69+O69-J69))) -> 102.4695
A70: =A69+1 -> 45985 | B70: Crecimiento | E70: 1 | F70: =D70*E70 -> 0 | G70: =K69 -> 102.4695 | H70: 4.1 | I70: 0.84 | J70: =H70*I70 -> 3.444 | K70: =IF(C70+F70+G70-J70>$U$2,$U$2,(IF(C70+F70+G70-J70<0,0,C70+F70+G70-J70))) -> 99.0255 | L70: =K70*100/$U$2 -> 82.52125 | M70: =+$U$2*0.5 -> 60 | N70: =K70-M70 -> 39.0255 | O70: =P69 -> 102.4695 | P70: =IF(V70+F70+O70-J70>$U$2,$U$2,(IF(V70+F70+O70-J70<0,0,V70+F70+O70-J70))) -> 99.0255
A71: =A70+1 -> 45986 | B71: Crecimiento | E71: 1 | F71: =D71*E71 -> 0 | G71: =K70 -> 99.0255 | H71: 5.5 | I71: 0.96 | J71: =H71*I71 -> 5.28 | K71: =IF(C71+F71+G71-J71>$U$2,$U$2,(IF(C71+F71+G71-J71<0,0,C71+F71+G71-J71))) -> 93.7455 | L71: =K71*100/$U$2 -> 78.12125 | M71: =+$U$2*0.5 -> 60 | N71: =K71-M71 -> 33.7455 | O71: =P70 -> 99.0255 | P71: =IF(V71+F71+O71-J71>$U$2,$U$2,(IF(V71+F71+O71-J71<0,0,V71+F71+O71-J71))) -> 93.7455
A72: =A71+1 -> 45987 | B72: Crecimiento | E72: 1 | F72: =D72*E72 -> 0 | G72: =K71 -> 93.7455 | H72: 4 | I72: 0.96 | J72: =H72*I72 -> 3.84 | K72: =IF(C72+F72+G72-J72>$U$2,$U$2,(IF(C72+F72+G72-J72<0,0,C72+F72+G72-J72))) -> 89.9055 | L72: =K72*100/$U$2 -> 74.92125 | M72: =+$U$2*0.5 -> 60 | N72: =K72-M72 -> 29.9055 | O72: =P71 -> 93.7455 | P72: =IF(V72+F72+O72-J72>$U$2,$U$2,(IF(V72+F72+O72-J72<0,0,V72+F72+O72-J72))) -> 89.9055
A73: =A72+1 -> 45988 | B73: Crecimiento | E73: 1 | F73: =D73*E73 -> 0 | G73: =K72 -> 89.9055 | H73: 3.5 | I73: 0.96 | J73: =H73*I73 -> 3.36 | K73: =IF(C73+F73+G73-J73>$U$2,$U$2,(IF(C73+F73+G73-J73<0,0,C73+F73+G73-J73))) -> 86.5455 | L73: =K73*100/$U$2 -> 72.12125 | M73: =+$U$2*0.5 -> 60 | N73: =K73-M73 -> 26.5455 | O73: =P72 -> 89.9055 | P73: =IF(V73+F73+O73-J73>$U$2,$U$2,(IF(V73+F73+O73-J73<0,0,V73+F73+O73-J73))) -> 86.5455
A74: =A73+1 -> 45989 | B74: Crecimiento | E74: 1 | F74: =D74*E74 -> 0 | G74: =K73 -> 86.5455 | H74: 4.5 | I74: 0.96 | J74: =H74*I74 -> 4.32 | K74: =IF(C74+F74+G74-J74>$U$2,$U$2,(IF(C74+F74+G74-J74<0,0,C74+F74+G74-J74))) -> 82.2255 | L74: =K74*100/$U$2 -> 68.52125 | M74: =+$U$2*0.5 -> 60 | N74: =K74-M74 -> 22.2255 | O74: =P73 -> 86.5455 | P74: =IF(V74+F74+O74-J74>$U$2,$U$2,(IF(V74+F74+O74-J74<0,0,V74+F74+O74-J74))) -> 82.2255
A75: =A74+1 -> 45990 | B75: Crecimiento | E75: 1 | F75: =D75*E75 -> 0 | G75: =K74 -> 82.2255 | H75: 5.2 | I75: 0.96 | J75: =H75*I75 -> 4.992 | K75: =IF(C75+F75+G75-J75>$U$2,$U$2,(IF(C75+F75+G75-J75<0,0,C75+F75+G75-J75))) -> 77.2335 | L75: =K75*100/$U$2 -> 64.36125 | M75: =+$U$2*0.5 -> 60 | N75: =K75-M75 -> 17.2335 | O75: =P74 -> 82.2255 | P75: =IF(V75+F75+O75-J75>$U$2,$U$2,(IF(V75+F75+O75-J75<0,0,V75+F75+O75-J75))) -> 77.2335
A76: =A75+1 -> 45991 | B76: Crecimiento | E76: 1 | F76: =D76*E76 -> 0 | G76: =K75 -> 77.2335 | H76: 0.8 | I76: 0.96 | J76: =H76*I76 -> 0.768 | K76: =IF(C76+F76+G76-J76>$U$2,$U$2,(IF(C76+F76+G76-J76<0,0,C76+F76+G76-J76))) -> 76.4655 | L76: =K76*100/$U$2 -> 63.72125 | M76: =+$U$2*0.5 -> 60 | N76: =K76-M76 -> 16.4655 | O76: =P75 -> 77.2335 | P76: =IF(V76+F76+O76-J76>$U$2,$U$2,(IF(V76+F76+O76-J76<0,0,V76+F76+O76-J76))) -> 76.4655 | Q76: =AVERAGE(I33:I76) -> 0.6925 | R76: =AVERAGE(H33:H76) -> 4.2772727 | S76: =AVERAGE(J33:J76) -> 2.9806364
A77: =A76+1 -> 45992 | B77: Desarrollo - PC | D77: 5 | E77: 1 | F77: =D77*E77 -> 5 | G77: =K76 -> 76.4655 | H77: 6.2 | I77: 0.96 | J77: =H77*I77 -> 5.952 | K77: =IF(C77+F77+G77-J77>$U$2,$U$2,(IF(C77+F77+G77-J77<0,0,C77+F77+G77-J77))) -> 75.5135 | L77: =K77*100/$U$2 -> 62.927917 | M77: =+$U$2*0.5 -> 60 | N77: =K77-M77 -> 15.5135 | O77: =P76 -> 76.4655 | P77: =IF(V77+F77+O77-J77>$U$2,$U$2,(IF(V77+F77+O77-J77<0,0,V77+F77+O77-J77))) -> 75.5135
A78: =A77+1 -> 45993 | B78: Desarrollo - PC | E78: 1 | F78: =D78*E78 -> 0 | G78: =K77 -> 75.5135 | H78: 6.3 | I78: 0.96 | J78: =H78*I78 -> 6.048 | K78: =IF(C78+F78+G78-J78>$U$2,$U$2,(IF(C78+F78+G78-J78<0,0,C78+F78+G78-J78))) -> 69.4655 | L78: =K78*100/$U$2 -> 57.887917 | M78: =+$U$2*0.5 -> 60 | N78: =K78-M78 -> 9.4655 | O78: =P77 -> 75.5135 | P78: =IF(V78+F78+O78-J78>$U$2,$U$2,(IF(V78+F78+O78-J78<0,0,V78+F78+O78-J78))) -> 69.4655
A79: =A78+1 -> 45994 | B79: Desarrollo - PC | C79: 20 | E79: 1 | F79: =D79*E79 -> 0 | G79: =K78 -> 69.4655 | H79: 5.6 | I79: 0.96 | J79: =H79*I79 -> 5.376 | K79: =IF(C79+F79+G79-J79>$U$2,$U$2,(IF(C79+F79+G79-J79<0,0,C79+F79+G79-J79))) -> 84.0895 | L79: =K79*100/$U$2 -> 70.074583 | M79: =+$U$2*0.5 -> 60 | N79: =K79-M79 -> 24.0895 | O79: =P78 -> 69.4655 | P79: =IF(V79+F79+O79-J79>$U$2,$U$2,(IF(V79+F79+O79-J79<0,0,V79+F79+O79-J79))) -> 64.0895
A80: =A79+1 -> 45995 | B80: Desarrollo - PC | E80: 1 | F80: =D80*E80 -> 0 | G80: =K79 -> 84.0895 | H80: 5 | I80: 0.96 | J80: =H80*I80 -> 4.8 | K80: =IF(C80+F80+G80-J80>$U$2,$U$2,(IF(C80+F80+G80-J80<0,0,C80+F80+G80-J80))) -> 79.2895 | L80: =K80*100/$U$2 -> 66.074583 | M80: =+$U$2*0.5 -> 60 | N80: =K80-M80 -> 19.2895 | O80: =P79 -> 64.0895 | P80: =IF(V80+F80+O80-J80>$U$2,$U$2,(IF(V80+F80+O80-J80<0,0,V80+F80+O80-J80))) -> 59.2895
A81: =A80+1 -> 45996 | B81: Desarrollo - PC | E81: 1 | F81: =D81*E81 -> 0 | G81: =K80 -> 79.2895 | H81: 2 | I81: 0.96 | J81: =H81*I81 -> 1.92 | K81: =IF(C81+F81+G81-J81>$U$2,$U$2,(IF(C81+F81+G81-J81<0,0,C81+F81+G81-J81))) -> 77.3695 | L81: =K81*100/$U$2 -> 64.474583 | M81: =+$U$2*0.5 -> 60 | N81: =K81-M81 -> 17.3695 | O81: =P80 -> 59.2895 | P81: =IF(V81+F81+O81-J81>$U$2,$U$2,(IF(V81+F81+O81-J81<0,0,V81+F81+O81-J81))) -> 57.3695
A82: =A81+1 -> 45997 | B82: Desarrollo - PC | E82: 1 | F82: =D82*E82 -> 0 | G82: =K81 -> 77.3695 | H82: 4.05 | I82: 0.96 | J82: =H82*I82 -> 3.888 | K82: =IF(C82+F82+G82-J82>$U$2,$U$2,(IF(C82+F82+G82-J82<0,0,C82+F82+G82-J82))) -> 73.4815 | L82: =K82*100/$U$2 -> 61.234583 | M82: =+$U$2*0.6 -> 72 | N82: =K82-M82 -> 1.4815 | O82: =P81 -> 57.3695 | P82: =IF(V82+F82+O82-J82>$U$2,$U$2,(IF(V82+F82+O82-J82<0,0,V82+F82+O82-J82))) -> 53.4815
A83: =A82+1 -> 45998 | B83: Desarrollo - PC | C83: 20 | E83: 1 | F83: =D83*E83 -> 0 | G83: =K82 -> 73.4815 | H83: 6.2 | I83: 0.96 | J83: =H83*I83 -> 5.952 | K83: =IF(C83+F83+G83-J83>$U$2,$U$2,(IF(C83+F83+G83-J83<0,0,C83+F83+G83-J83))) -> 87.5295 | L83: =K83*100/$U$2 -> 72.94125 | M83: =+$U$2*0.6 -> 72 | N83: =K83-M83 -> 15.5295 | O83: =P82 -> 53.4815 | P83: =IF(V83+F83+O83-J83>$U$2,$U$2,(IF(V83+F83+O83-J83<0,0,V83+F83+O83-J83))) -> 47.5295
A84: =A83+1 -> 45999 | B84: Desarrollo - PC | E84: 1 | F84: =D84*E84 -> 0 | G84: =K83 -> 87.5295 | H84: 3.05 | I84: 0.96 | J84: =H84*I84 -> 2.928 | K84: =IF(C84+F84+G84-J84>$U$2,$U$2,(IF(C84+F84+G84-J84<0,0,C84+F84+G84-J84))) -> 84.6015 | L84: =K84*100/$U$2 -> 70.50125 | M84: =+$U$2*0.6 -> 72 | N84: =K84-M84 -> 12.6015 | O84: =P83 -> 47.5295 | P84: =IF(V84+F84+O84-J84>$U$2,$U$2,(IF(V84+F84+O84-J84<0,0,V84+F84+O84-J84))) -> 44.6015
A85: =A84+1 -> 46000 | B85: Desarrollo - PC | E85: 1 | F85: =D85*E85 -> 0 | G85: =K84 -> 84.6015 | H85: 7 | I85: 1 | J85: =H85*I85 -> 7 | K85: =IF(C85+F85+G85-J85>$U$2,$U$2,(IF(C85+F85+G85-J85<0,0,C85+F85+G85-J85))) -> 77.6015 | L85: =K85*100/$U$2 -> 64.667917 | M85: =+$U$2*0.6 -> 72 | N85: =K85-M85 -> 5.6015 | O85: =P84 -> 44.6015 | P85: =IF(V85+F85+O85-J85>$U$2,$U$2,(IF(V85+F85+O85-J85<0,0,V85+F85+O85-J85))) -> 37.6015
A86: =A85+1 -> 46001 | B86: Desarrollo - PC | C86: 20 | E86: 1 | F86: =D86*E86 -> 0 | G86: =K85 -> 77.6015 | H86: 7.2 | I86: 1 | J86: =H86*I86 -> 7.2 | K86: =IF(C86+F86+G86-J86>$U$2,$U$2,(IF(C86+F86+G86-J86<0,0,C86+F86+G86-J86))) -> 90.4015 | L86: =K86*100/$U$2 -> 75.334583 | M86: =+$U$2*0.6 -> 72 | N86: =K86-M86 -> 18.4015 | O86: =P85 -> 37.6015 | P86: =IF(V86+F86+O86-J86>$U$2,$U$2,(IF(V86+F86+O86-J86<0,0,V86+F86+O86-J86))) -> 30.4015
A87: =A86+1 -> 46002 | B87: Desarrollo - PC | E87: 1 | F87: =D87*E87 -> 0 | G87: =K86 -> 90.4015 | H87: 4.8 | I87: 1 | J87: =H87*I87 -> 4.8 | K87: =IF(C87+F87+G87-J87>$U$2,$U$2,(IF(C87+F87+G87-J87<0,0,C87+F87+G87-J87))) -> 85.6015 | L87: =K87*100/$U$2 -> 71.334583 | M87: =+$U$2*0.6 -> 72 | N87: =K87-M87 -> 13.6015 | O87: =P86 -> 30.4015 | P87: =IF(V87+F87+O87-J87>$U$2,$U$2,(IF(V87+F87+O87-J87<0,0,V87+F87+O87-J87))) -> 25.6015
A88: =A87+1 -> 46003 | B88: Desarrollo - PC | E88: 1 | F88: =D88*E88 -> 0 | G88: =K87 -> 85.6015 | H88: 4 | I88: 1 | J88: =H88*I88 -> 4 | K88: =IF(C88+F88+G88-J88>$U$2,$U$2,(IF(C88+F88+G88-J88<0,0,C88+F88+G88-J88))) -> 81.6015 | L88: =K88*100/$U$2 -> 68.00125 | M88: =+$U$2*0.6 -> 72 | N88: =K88-M88 -> 9.6015 | O88: =P87 -> 25.6015 | P88: =IF(V88+F88+O88-J88>$U$2,$U$2,(IF(V88+F88+O88-J88<0,0,V88+F88+O88-J88))) -> 21.6015
A89: =A88+1 -> 46004 | B89: Desarrollo - PC | C89: 20 | E89: 1 | F89: =D89*E89 -> 0 | G89: =K88 -> 81.6015 | H89: 6 | I89: 1 | J89: =H89*I89 -> 6 | K89: =IF(C89+F89+G89-J89>$U$2,$U$2,(IF(C89+F89+G89-J89<0,0,C89+F89+G89-J89))) -> 95.6015 | L89: =K89*100/$U$2 -> 79.667917 | M89: =+$U$2*0.6 -> 72 | N89: =K89-M89 -> 23.6015 | O89: =P88 -> 21.6015 | P89: =IF(V89+F89+O89-J89>$U$2,$U$2,(IF(V89+F89+O89-J89<0,0,V89+F89+O89-J89))) -> 15.6015
A90: =A89+1 -> 46005 | B90: Desarrollo - PC | E90: 1 | F90: =D90*E90 -> 0 | G90: =K89 -> 95.6015 | H90: 6.9 | I90: 1 | J90: =H90*I90 -> 6.9 | K90: =IF(C90+F90+G90-J90>$U$2,$U$2,(IF(C90+F90+G90-J90<0,0,C90+F90+G90-J90))) -> 88.7015 | L90: =K90*100/$U$2 -> 73.917917 | M90: =+$U$2*0.6 -> 72 | N90: =K90-M90 -> 16.7015 | O90: =P89 -> 15.6015 | P90: =IF(V90+F90+O90-J90>$U$2,$U$2,(IF(V90+F90+O90-J90<0,0,V90+F90+O90-J90))) -> 8.7015
A91: =A90+1 -> 46006 | B91: Desarrollo - PC | E91: 1 | F91: =D91*E91 -> 0 | G91: =K90 -> 88.7015 | H91: 7 | I91: 1 | J91: =H91*I91 -> 7 | K91: =IF(C91+F91+G91-J91>$U$2,$U$2,(IF(C91+F91+G91-J91<0,0,C91+F91+G91-J91))) -> 81.7015 | L91: =K91*100/$U$2 -> 68.084583 | M91: =+$U$2*0.6 -> 72 | N91: =K91-M91 -> 9.7015 | O91: =P90 -> 8.7015 | P91: =IF(V91+F91+O91-J91>$U$2,$U$2,(IF(V91+F91+O91-J91<0,0,V91+F91+O91-J91))) -> 1.7015
A92: =A91+1 -> 46007 | B92: Desarrollo - PC | E92: 1 | F92: =D92*E92 -> 0 | G92: =K91 -> 81.7015 | H92: 7.2 | I92: 1 | J92: =H92*I92 -> 7.2 | K92: =IF(C92+F92+G92-J92>$U$2,$U$2,(IF(C92+F92+G92-J92<0,0,C92+F92+G92-J92))) -> 74.5015 | L92: =K92*100/$U$2 -> 62.084583 | M92: =+$U$2*0.6 -> 72 | N92: =K92-M92 -> 2.5015 | O92: =P91 -> 1.7015 | P92: =IF(V92+F92+O92-J92>$U$2,$U$2,(IF(V92+F92+O92-J92<0,0,V92+F92+O92-J92))) -> 0
A93: =A92+1 -> 46008 | B93: Desarrollo - PC | E93: 1 | F93: =D93*E93 -> 0 | G93: =K92 -> 74.5015 | H93: 1.95 | I93: 1 | J93: =H93*I93 -> 1.95 | K93: =IF(C93+F93+G93-J93>$U$2,$U$2,(IF(C93+F93+G93-J93<0,0,C93+F93+G93-J93))) -> 72.5515 | L93: =K93*100/$U$2 -> 60.459583 | M93: =+$U$2*0.6 -> 72 | N93: =K93-M93 -> 0.5515 | O93: =P92 -> 0 | P93: =IF(V93+F93+O93-J93>$U$2,$U$2,(IF(V93+F93+O93-J93<0,0,V93+F93+O93-J93))) -> 0
A94: =A93+1 -> 46009 | B94: Desarrollo - PC | E94: 1 | F94: =D94*E94 -> 0 | G94: =K93 -> 72.5515 | H94: 3.4 | I94: 1.1 | J94: =H94*I94 -> 3.74 | K94: =IF(C94+F94+G94-J94>$U$2,$U$2,(IF(C94+F94+G94-J94<0,0,C94+F94+G94-J94))) -> 68.8115 | L94: =K94*100/$U$2 -> 57.342917 | M94: =+$U$2*0.6 -> 72 | N94: =K94-M94 -> -3.1885 | O94: =P93 -> 0 | P94: =IF(V94+F94+O94-J94>$U$2,$U$2,(IF(V94+F94+O94-J94<0,0,V94+F94+O94-J94))) -> 0
A95: =A94+1 -> 46010 | B95: Desarrollo - PC | E95: 1 | F95: =D95*E95 -> 0 | G95: =K94 -> 68.8115 | H95: 2.9 | I95: 1.1 | J95: =H95*I95 -> 3.19 | K95: =IF(C95+F95+G95-J95>$U$2,$U$2,(IF(C95+F95+G95-J95<0,0,C95+F95+G95-J95))) -> 65.6215 | L95: =K95*100/$U$2 -> 54.684583 | M95: =+$U$2*0.6 -> 72 | N95: =K95-M95 -> -6.3785 | O95: =P94 -> 0 | P95: =IF(V95+F95+O95-J95>$U$2,$U$2,(IF(V95+F95+O95-J95<0,0,V95+F95+O95-J95))) -> 0
A96: =A95+1 -> 46011 | B96: Desarrollo - PC | E96: 1 | F96: =D96*E96 -> 0 | G96: =K95 -> 65.6215 | H96: 6 | I96: 1.1 | J96: =H96*I96 -> 6.6 | K96: =IF(C96+F96+G96-J96>$U$2,$U$2,(IF(C96+F96+G96-J96<0,0,C96+F96+G96-J96))) -> 59.0215 | L96: =K96*100/$U$2 -> 49.184583 | M96: =+$U$2*0.6 -> 72 | N96: =K96-M96 -> -12.9785 | O96: =P95 -> 0 | P96: =IF(V96+F96+O96-J96>$U$2,$U$2,(IF(V96+F96+O96-J96<0,0,V96+F96+O96-J96))) -> 0
A97: =A96+1 -> 46012 | B97: Desarrollo - PC | D97: 29 | E97: 1 | F97: =D97*E97 -> 29 | G97: =K96 -> 59.0215 | H97: 6 | I97: 1.1 | J97: =H97*I97 -> 6.6 | K97: =IF(C97+F97+G97-J97>$U$2,$U$2,(IF(C97+F97+G97-J97<0,0,C97+F97+G97-J97))) -> 81.4215 | L97: =K97*100/$U$2 -> 67.85125 | M97: =+$U$2*0.6 -> 72 | N97: =K97-M97 -> 9.4215 | O97: =P96 -> 0 | P97: =IF(V97+F97+O97-J97>$U$2,$U$2,(IF(V97+F97+O97-J97<0,0,V97+F97+O97-J97))) -> 22.4
A98: =A97+1 -> 46013 | B98: Desarrollo - PC | C98: 20 | E98: 1 | F98: =D98*E98 -> 0 | G98: =K97 -> 81.4215 | H98: 6.4 | I98: 1.1 | J98: =H98*I98 -> 7.04 | K98: =IF(C98+F98+G98-J98>$U$2,$U$2,(IF(C98+F98+G98-J98<0,0,C98+F98+G98-J98))) -> 94.3815 | L98: =K98*100/$U$2 -> 78.65125 | M98: =+$U$2*0.6 -> 72 | N98: =K98-M98 -> 22.3815 | O98: =P97 -> 22.4 | P98: =IF(V98+F98+O98-J98>$U$2,$U$2,(IF(V98+F98+O98-J98<0,0,V98+F98+O98-J98))) -> 15.36
A99: =A98+1 -> 46014 | B99: Desarrollo - PC | E99: 1 | F99: =D99*E99 -> 0 | G99: =K98 -> 94.3815 | H99: 6.55 | I99: 1.1 | J99: =H99*I99 -> 7.205 | K99: =IF(C99+F99+G99-J99>$U$2,$U$2,(IF(C99+F99+G99-J99<0,0,C99+F99+G99-J99))) -> 87.1765 | L99: =K99*100/$U$2 -> 72.647083 | M99: =+$U$2*0.6 -> 72 | N99: =K99-M99 -> 15.1765 | O99: =P98 -> 15.36 | P99: =IF(V99+F99+O99-J99>$U$2,$U$2,(IF(V99+F99+O99-J99<0,0,V99+F99+O99-J99))) -> 8.155
A100: =A99+1 -> 46015 | B100: Desarrollo - PC | E100: 1 | F100: =D100*E100 -> 0 | G100: =K99 -> 87.1765 | H100: 6 | I100: 1.1 | J100: =H100*I100 -> 6.6 | K100: =IF(C100+F100+G100-J100>$U$2,$U$2,(IF(C100+F100+G100-J100<0,0,C100+F100+G100-J100))) -> 80.5765 | L100: =K100*100/$U$2 -> 67.147083 | M100: =+$U$2*0.6 -> 72 | N100: =K100-M100 -> 8.5765 | O100: =P99 -> 8.155 | P100: =IF(V100+F100+O100-J100>$U$2,$U$2,(IF(V100+F100+O100-J100<0,0,V100+F100+O100-J100))) -> 1.555
...

Sheet Graficos (2)

Sheet Hoja8
